id,TARGET
0,345
1,345
2,345
3,345
4,345
5,345
6,345
7,345
8,345
9,345
10,345
11,345
12,345
13,345
14,345
15,345
16,345
17,345
18,345
19,345
20,345
21,345
22,345
23,345
24,345
25,345
26,345
27,345
28,345
29,345
30,345
31,345
32,345
33,345
34,345
35,345
36,345
37,345
38,345
39,345
40,345
41,345
42,345
43,345
44,345
45,345
46,345
47,345
48,345
49,345
50,345
51,345
52,345
53,345
54,345
55,345
56,345
57,345
58,345
59,345
60,345
61,345
62,345
63,345
64,345
65,345
66,345
67,345
68,345
69,345
70,345
71,345
72,345
73,345
74,345
75,345
76,345
77,345
78,345
79,345
80,345
81,345
82,345
83,345
84,345
85,345
86,345
87,345
88,345
89,345
90,345
91,345
92,345
93,345
94,345
95,345
96,345
97,345
98,345
99,345
100,345
101,345
102,345
103,345
104,345
105,345
106,345
107,345
108,345
109,345
110,345
111,345
112,345
113,345
114,345
115,345
116,345
117,345
118,345
119,345
120,345
121,345
122,345
123,345
124,345
125,345
126,345
127,345
128,345
129,345
130,345
131,345
132,345
133,345
134,345
135,345
136,345
137,345
138,345
139,345
140,345
141,345
142,345
143,345
144,345
145,345
146,345
147,345
148,345
149,345
150,345
151,345
152,345
153,345
154,345
155,345
156,345
157,345
158,345
159,345
160,345
161,345
162,345
163,345
164,345
165,345
166,345
167,345
168,345
169,345
170,345
171,345
172,345
173,345
174,345
175,345
176,345
177,345
178,345
179,345
180,345
181,345
182,345
183,345
184,345
185,345
186,345
187,345
188,345
189,345
190,345
191,345
192,345
193,345
194,345
195,345
196,345
197,345
198,345
199,345
200,345
201,345
202,345
203,345
204,345
205,345
206,345
207,345
208,345
209,345
210,345
211,345
212,345
213,345
214,345
215,345
216,345
217,345
218,345
219,345
220,345
221,345
222,345
223,345
224,345
225,345
226,345
227,345
228,345
229,345
230,345
231,345
232,345
233,345
234,345
235,345
236,345
237,345
238,345
239,345
240,345
241,345
242,345
243,345
244,345
245,345
246,345
247,345
248,345
249,345
250,345
251,345
252,345
253,345
254,345
255,345
256,345
257,345
258,345
259,345
260,345
261,345
262,345
263,345
264,345
265,345
266,345
267,345
268,345
269,345
270,345
271,345
272,345
273,345
274,345
275,345
276,345
277,345
278,345
279,345
280,345
281,345
282,345
283,345
284,345
285,345
286,345
287,345
288,345
289,345
290,345
291,345
292,345
293,345
294,345
295,345
296,345
297,345
298,345
299,345
300,345
301,345
302,345
303,345
304,345
305,345
306,345
307,345
308,345
309,345
310,345
311,345
312,345
313,345
314,345
315,345
316,345
317,345
318,345
319,345
320,345
321,345
322,345
323,345
324,345
325,345
326,345
327,345
328,345
329,345
330,345
331,345
332,345
333,345
334,345
335,345
336,345
337,345
338,345
339,345
340,345
341,345
342,345
343,345
344,345
345,345
346,345
347,345
348,345
349,345
350,345
351,345
352,345
353,345
354,345
355,345
356,345
357,345
358,345
359,345
360,345
361,345
362,345
363,345
364,345
365,345
366,345
367,345
368,345
369,345
370,345
371,345
372,345
373,345
374,345
375,345
376,345
377,345
378,345
379,345
380,345
381,345
382,345
383,345
384,345
385,345
386,345
387,345
388,345
389,345
390,345
391,345
392,345
393,345
394,345
395,345
396,345
397,345
398,345
399,345
400,345
401,345
402,345
403,345
404,345
405,345
406,345
407,345
408,345
409,345
410,345
411,345
412,345
413,345
414,345
415,345
416,345
417,345
418,345
419,345
420,345
421,345
422,345
423,345
424,345
425,345
426,345
427,345
428,345
429,345
430,345
431,345
432,345
433,345
434,345
435,345
436,345
437,345
438,345
439,345
440,345
441,345
442,345
443,345
444,345
445,345
446,345
447,345
448,345
449,345
450,345
451,345
452,345
453,345
454,345
455,345
456,345
457,345
458,345
459,345
460,345
461,345
462,345
463,345
464,345
465,345
466,345
467,345
468,345
469,345
470,345
471,345
472,345
473,345
474,345
475,345
476,345
477,345
478,345
479,345
480,345
481,345
482,345
483,345
484,345
485,345
486,345
487,345
488,345
489,345
490,345
491,345
492,345
493,345
494,345
495,345
496,345
497,345
498,345
499,345
500,345
501,345
502,345
503,345
504,345
505,345
506,345
507,345
508,345
509,345
510,345
511,345
512,345
513,345
514,345
515,345
516,345
517,345
518,345
519,345
520,345
521,345
522,345
523,345
524,345
525,345
526,345
527,345
528,345
529,345
530,345
531,345
532,345
533,345
534,345
535,345
536,345
537,345
538,345
539,345
540,345
541,345
542,345
543,345
544,345
545,345
546,345
547,345
548,345
549,345
550,345
551,345
552,345
553,345
554,345
555,345
556,345
557,345
558,345
559,345
560,345
561,345
562,345
563,345
564,345
565,345
566,345
567,345
568,345
569,345
570,345
571,345
572,345
573,345
574,345
575,345
576,345
577,345
578,345
579,345
580,345
581,345
582,345
583,345
584,345
585,345
586,345
587,345
588,345
589,345
590,345
591,345
592,345
593,345
594,345
595,345
596,345
597,345
598,345
599,345
600,345
601,345
602,345
603,345
604,345
605,345
606,345
607,345
608,345
609,345
610,345
611,345
612,345
613,345
614,345
615,345
616,345
617,345
618,345
619,345
620,345
621,345
622,345
623,345
624,345
625,345
626,345
627,345
628,345
629,345
630,345
631,345
632,345
633,345
634,345
635,345
636,345
637,345
638,345
639,345
640,345
641,345
642,345
643,345
644,345
645,345
646,345
647,345
648,345
649,345
650,345
651,345
652,345
653,345
654,345
655,345
656,345
657,345
658,345
659,345
660,345
661,345
662,345
663,345
664,345
665,345
666,345
667,345
668,345
669,345
670,345
671,345
672,345
673,345
674,345
675,345
676,345
677,345
678,345
679,345
680,345
681,345
682,345
683,345
684,345
685,345
686,345
687,345
688,345
689,345
690,345
691,345
692,345
693,345
694,345
695,345
696,345
697,345
698,345
699,345
700,345
701,345
702,345
703,345
704,345
705,345
706,345
707,345
708,345
709,345
710,345
711,345
712,345
713,345
714,345
715,345
716,345
717,345
718,345
719,345
720,345
721,345
722,345
723,345
724,345
725,345
726,345
727,345
728,345
729,345
730,345
731,345
732,345
733,345
734,345
735,345
736,345
737,345
738,345
739,345
740,345
741,345
742,345
743,345
744,345
745,345
746,345
747,345
748,345
749,345
750,345
751,345
752,345
753,345
754,345
755,345
756,345
757,345
758,345
759,345
760,345
761,345
762,345
763,345
764,345
765,345
766,345
767,345
768,345
769,345
770,345
771,345
772,345
773,345
774,345
775,345
776,345
777,345
778,345
779,345
780,345
781,345
782,345
783,345
784,345
785,345
786,345
787,345
788,345
789,345
790,345
791,345
792,345
793,345
794,345
795,345
796,345
797,345
798,345
799,345
800,345
801,345
802,345
803,345
804,345
805,345
806,345
807,345
808,345
809,345
810,345
811,345
812,345
813,345
814,345
815,345
816,345
817,345
818,345
819,345
820,345
821,345
822,345
823,345
824,345
825,345
826,345
827,345
828,345
829,345
830,345
831,345
832,345
833,345
834,345
835,345
836,345
837,345
838,345
839,345
840,345
841,345
842,345
843,345
844,345
845,345
846,345
847,345
848,345
849,345
850,345
851,345
852,345
853,345
854,345
855,345
856,345
857,345
858,345
859,345
860,345
861,345
862,345
863,345
864,345
865,345
866,345
867,345
868,345
869,345
870,345
871,345
872,345
873,345
874,345
875,345
876,345
877,345
878,345
879,345
880,345
881,345
882,345
883,345
884,345
885,345
886,345
887,345
888,345
889,345
890,345
891,345
892,345
893,345
894,345
895,345
896,345
897,345
898,345
899,345
900,345
901,345
902,345
903,345
904,345
905,345
906,345
907,345
908,345
909,345
910,345
911,345
912,345
913,345
914,345
915,345
916,345
917,345
918,345
919,345
920,345
921,345
922,345
923,345
924,345
925,345
926,345
927,345
928,345
929,345
930,345
931,345
932,345
933,345
934,345
935,345
936,345
937,345
938,345
939,345
940,345
941,345
942,345
943,345
944,345
945,345
946,345
947,345
948,345
949,345
950,345
951,345
952,345
953,345
954,345
955,345
956,345
957,345
958,345
959,345
960,345
961,345
962,345
963,345
964,345
965,345
966,345
967,345
968,345
969,345
970,345
971,345
972,345
973,345
974,345
975,345
976,345
977,345
978,345
979,345
980,345
981,345
982,345
983,345
984,345
985,345
986,345
987,345
988,345
989,345
990,345
991,345
992,345
993,345
994,345
995,345
996,345
997,345
998,345
999,345
1000,345
1001,345
1002,345
1003,345
1004,345
1005,345
1006,345
1007,345
1008,345
1009,345
1010,345
1011,345
1012,345
1013,345
1014,345
1015,345
1016,345
1017,345
1018,345
1019,345
1020,345
1021,345
1022,345
1023,345
1024,345
1025,345
1026,345
1027,345
1028,345
1029,345
1030,345
1031,345
1032,345
1033,345
1034,345
1035,345
1036,345
1037,345
1038,345
1039,345
1040,345
1041,345
1042,345
1043,345
1044,345
1045,345
1046,345
1047,345
1048,345
1049,345
1050,345
1051,345
1052,345
1053,345
1054,345
1055,345
1056,345
1057,345
1058,345
1059,345
1060,345
1061,345
1062,345
1063,345
1064,345
1065,345
1066,345
1067,345
1068,345
1069,345
1070,345
1071,345
1072,345
1073,345
1074,345
1075,345
1076,345
1077,345
1078,345
1079,345
1080,345
1081,345
1082,345
1083,345
1084,345
1085,345
1086,345
1087,345
1088,345
1089,345
1090,345
1091,345
1092,345
1093,345
1094,345
1095,345
1096,345
1097,345
1098,345
1099,345
1100,345
1101,345
1102,345
1103,345
1104,345
1105,345
1106,345
1107,345
1108,345
1109,345
1110,345
1111,345
1112,345
1113,345
1114,345
1115,345
1116,345
1117,345
1118,345
1119,345
1120,345
1121,345
1122,345
1123,345
1124,345
1125,345
1126,345
1127,345
1128,345
1129,345
1130,345
1131,345
1132,345
1133,345
1134,345
1135,345
1136,345
1137,345
1138,345
1139,345
1140,345
1141,345
1142,345
1143,345
1144,345
1145,345
1146,345
1147,345
1148,345
1149,345
1150,345
1151,345
1152,345
1153,345
1154,345
1155,345
1156,345
1157,345
1158,345
1159,345
1160,345
1161,345
1162,345
1163,345
1164,345
1165,345
1166,345
1167,345
1168,345
1169,345
1170,345
1171,345
1172,345
1173,345
1174,345
1175,345
1176,345
1177,345
1178,345
1179,345
1180,345
1181,345
1182,345
1183,345
1184,345
1185,345
1186,345
1187,345
1188,345
1189,345
1190,345
1191,345
1192,345
1193,345
1194,345
1195,345
1196,345
1197,345
1198,345
1199,345
1200,345
1201,345
1202,345
1203,345
1204,345
1205,345
1206,345
1207,345
1208,345
1209,345
1210,345
1211,345
1212,345
1213,345
1214,345
1215,345
1216,345
1217,345
1218,345
1219,345
1220,345
1221,345
1222,345
1223,345
1224,345
1225,345
1226,345
1227,345
1228,345
1229,345
1230,345
1231,345
1232,345
1233,345
1234,345
1235,345
1236,345
1237,345
1238,345
1239,345
1240,345
1241,345
1242,345
1243,345
1244,345
1245,345
1246,345
1247,345
1248,345
1249,345
1250,345
1251,345
1252,345
1253,345
1254,345
1255,345
1256,345
1257,345
1258,345
1259,345
1260,345
1261,345
1262,345
1263,345
1264,345
1265,345
1266,345
1267,345
1268,345
1269,345
1270,345
1271,345
1272,345
1273,345
1274,345
1275,345
1276,345
1277,345
1278,345
1279,345
1280,345
1281,345
1282,345
1283,345
1284,345
1285,345
1286,345
1287,345
1288,345
1289,345
1290,345
1291,345
1292,345
1293,345
1294,345
1295,345
1296,345
1297,345
1298,345
1299,345
1300,345
1301,345
1302,345
1303,345
1304,345
1305,345
1306,345
1307,345
1308,345
1309,345
1310,345
1311,345
1312,345
1313,345
1314,345
1315,345
1316,345
1317,345
1318,345
1319,345
1320,345
1321,345
1322,345
1323,345
1324,345
1325,345
1326,345
1327,345
1328,345
1329,345
1330,345
1331,345
1332,345
1333,345
1334,345
1335,345
1336,345
1337,345
1338,345
1339,345
1340,345
1341,345
1342,345
1343,345
1344,345
1345,345
1346,345
1347,345
1348,345
1349,345
1350,345
1351,345
1352,345
1353,345
1354,345
1355,345
1356,345
1357,345
1358,345
1359,345
1360,345
1361,345
1362,345
1363,345
1364,345
1365,345
1366,345
1367,345
1368,345
1369,345
1370,345
1371,345
1372,345
1373,345
1374,345
1375,345
1376,345
1377,345
1378,345
1379,345
1380,345
1381,345
1382,345
1383,345
1384,345
1385,345
1386,345
1387,345
1388,345
1389,345
1390,345
1391,345
1392,345
1393,345
1394,345
1395,345
1396,345
1397,345
1398,345
1399,345
1400,345
1401,345
1402,345
1403,345
1404,345
1405,345
1406,345
1407,345
1408,345
1409,345
1410,345
1411,345
1412,345
1413,345
1414,345
1415,345
1416,345
1417,345
1418,345
1419,345
1420,345
1421,345
1422,345
1423,345
1424,345
1425,345
1426,345
1427,345
1428,345
1429,345
1430,345
1431,345
1432,345
1433,345
1434,345
1435,345
1436,345
1437,345
1438,345
1439,345
1440,345
1441,345
1442,345
1443,345
1444,345
1445,345
1446,345
1447,345
1448,345
1449,345
1450,345
1451,345
1452,345
1453,345
1454,345
1455,345
1456,345
1457,345
1458,345
1459,345
1460,345
1461,345
1462,345
1463,345
1464,345
1465,345
1466,345
1467,345
1468,345
1469,345
1470,345
1471,345
1472,345
1473,345
1474,345
1475,345
1476,345
1477,345
1478,345
1479,345
1480,345
1481,345
1482,345
1483,345
1484,345
1485,345
1486,345
1487,345
1488,345
1489,345
1490,345
1491,345
1492,345
1493,345
1494,345
1495,345
1496,345
1497,345
1498,345
1499,345
1500,345
1501,345
1502,345
1503,345
1504,345
1505,345
1506,345
1507,345
1508,345
1509,345
1510,345
1511,345
1512,345
1513,345
1514,345
1515,345
1516,345
1517,345
1518,345
1519,345
1520,345
1521,345
1522,345
1523,345
1524,345
1525,345
1526,345
1527,345
1528,345
1529,345
1530,345
1531,345
1532,345
1533,345
1534,345
1535,345
1536,345
1537,345
1538,345
1539,345
1540,345
1541,345
1542,345
1543,345
1544,345
1545,345
1546,345
1547,345
1548,345
1549,345
1550,345
1551,345
1552,345
1553,345
1554,345
1555,345
1556,345
1557,345
1558,345
1559,345
1560,345
1561,345
1562,345
1563,345
1564,345
1565,345
1566,345
1567,345
1568,345
1569,345
1570,345
1571,345
1572,345
1573,345
1574,345
1575,345
1576,345
1577,345
1578,345
1579,345
1580,345
1581,345
1582,345
1583,345
1584,345
1585,345
1586,345
1587,345
1588,345
1589,345
1590,345
1591,345
1592,345
1593,345
1594,345
1595,345
1596,345
1597,345
1598,345
1599,345
1600,345
1601,345
1602,345
1603,345
1604,345
1605,345
1606,345
1607,345
1608,345
1609,345
1610,345
1611,345
1612,345
1613,345
1614,345
1615,345
1616,345
1617,345
1618,345
1619,345
1620,345
1621,345
1622,345
1623,345
1624,345
1625,345
1626,345
1627,345
1628,345
1629,345
1630,345
1631,345
1632,345
1633,345
1634,345
1635,345
1636,345
1637,345
1638,345
1639,345
1640,345
1641,345
1642,345
1643,345
1644,345
1645,345
1646,345
1647,345
1648,345
1649,345
1650,345
1651,345
1652,345
1653,345
1654,345
1655,345
1656,345
1657,345
1658,345
1659,345
1660,345
1661,345
1662,345
1663,345
1664,345
1665,345
1666,345
1667,345
1668,345
1669,345
1670,345
1671,345
1672,345
1673,345
1674,345
1675,345
1676,345
1677,345
1678,345
1679,345
1680,345
1681,345
1682,345
1683,345
1684,345
1685,345
1686,345
1687,345
1688,345
1689,345
1690,345
1691,345
1692,345
1693,345
1694,345
1695,345
1696,345
1697,345
1698,345
1699,345
1700,345
1701,345
1702,345
1703,345
1704,345
1705,345
1706,345
1707,345
1708,345
1709,345
1710,345
1711,345
1712,345
1713,345
1714,345
1715,345
1716,345
1717,345
1718,345
1719,345
1720,345
1721,345
1722,345
1723,345
1724,345
1725,345
1726,345
1727,345
1728,345
1729,345
1730,345
1731,345
1732,345
1733,345
1734,345
1735,345
1736,345
1737,345
1738,345
1739,345
1740,345
1741,345
1742,345
1743,345
1744,345
1745,345
1746,345
1747,345
1748,345
1749,345
1750,345
1751,345
1752,345
1753,345
1754,345
1755,345
1756,345
1757,345
1758,345
1759,345
1760,345
1761,345
1762,345
1763,345
1764,345
1765,345
1766,345
1767,345
1768,345
1769,345
1770,345
1771,345
1772,345
1773,345
1774,345
1775,345
1776,345
1777,345
1778,345
1779,345
1780,345
1781,345
1782,345
1783,345
1784,345
1785,345
1786,345
1787,345
1788,345
1789,345
1790,345
1791,345
1792,345
1793,345
1794,345
1795,345
1796,345
1797,345
1798,345
1799,345
1800,345
1801,345
1802,345
1803,345
1804,345
1805,345
1806,345
1807,345
1808,345
1809,345
1810,345
1811,345
1812,345
1813,345
1814,345
1815,345
1816,345
1817,345
1818,345
1819,345
1820,345
1821,345
1822,345
1823,345
1824,345
1825,345
1826,345
1827,345
1828,345
1829,345
1830,345
1831,345
1832,345
1833,345
1834,345
1835,345
1836,345
1837,345
1838,345
1839,345
1840,345
1841,345
1842,345
1843,345
1844,345
1845,345
1846,345
1847,345
1848,345
1849,345
1850,345
1851,345
1852,345
1853,345
1854,345
1855,345
1856,345
1857,345
1858,345
1859,345
1860,345
1861,345
1862,345
1863,345
1864,345
1865,345
1866,345
1867,345
1868,345
1869,345
1870,345
1871,345
1872,345
1873,345
1874,345
1875,345
1876,345
1877,345
1878,345
1879,345
1880,345
1881,345
1882,345
1883,345
1884,345
1885,345
1886,345
1887,345
1888,345
1889,345
1890,345
1891,345
1892,345
1893,345
1894,345
1895,345
1896,345
1897,345
1898,345
1899,345
1900,345
1901,345
1902,345
1903,345
1904,345
1905,345
1906,345
1907,345
1908,345
1909,345
1910,345
1911,345
1912,345
1913,345
1914,345
1915,345
1916,345
1917,345
1918,345
1919,345
1920,345
1921,345
1922,345
1923,345
1924,345
1925,345
1926,345
1927,345
1928,345
1929,345
1930,345
1931,345
1932,345
1933,345
1934,345
1935,345
1936,345
1937,345
1938,345
1939,345
1940,345
1941,345
1942,345
1943,345
1944,345
1945,345
1946,345
1947,345
1948,345
1949,345
1950,345
1951,345
1952,345
1953,345
1954,345
1955,345
1956,345
1957,345
1958,345
1959,345
1960,345
1961,345
1962,345
1963,345
1964,345
1965,345
1966,345
1967,345
1968,345
1969,345
1970,345
1971,345
1972,345
1973,345
1974,345
1975,345
1976,345
1977,345
1978,345
1979,345
1980,345
1981,345
1982,345
1983,345
1984,345
1985,345
1986,345
1987,345
1988,345
1989,345
1990,345
1991,345
1992,345
1993,345
1994,345
1995,345
1996,345
1997,345
1998,345
1999,345
2000,345
2001,345
2002,345
2003,345
2004,345
2005,345
2006,345
2007,345
2008,345
2009,345
2010,345
2011,345
2012,345
2013,345
2014,345
2015,345
2016,345
2017,345
2018,345
2019,345
2020,345
2021,345
2022,345
2023,345
2024,345
2025,345
2026,345
2027,345
2028,345
2029,345
2030,345
2031,345
2032,345
2033,345
2034,345
2035,345
2036,345
2037,345
2038,345
2039,345
2040,345
2041,345
2042,345
2043,345
2044,345
2045,345
2046,345
2047,345
2048,345
2049,345
2050,345
2051,345
2052,345
2053,345
2054,345
2055,345
2056,345
2057,345
2058,345
2059,345
2060,345
2061,345
2062,345
2063,345
2064,345
2065,345
2066,345
2067,345
2068,345
2069,345
2070,345
2071,345
2072,345
2073,345
2074,345
2075,345
2076,345
2077,345
2078,345
2079,345
2080,345
2081,345
2082,345
2083,345
2084,345
2085,345
2086,345
2087,345
2088,345
2089,345
2090,345
2091,345
2092,345
2093,345
2094,345
2095,345
2096,345
2097,345
2098,345
2099,345
2100,345
2101,345
2102,345
2103,345
2104,345
2105,345
2106,345
2107,345
2108,345
2109,345
2110,345
2111,345
2112,345
2113,345
2114,345
2115,345
2116,345
2117,345
2118,345
2119,345
2120,345
2121,345
2122,345
2123,345
2124,345
2125,345
2126,345
2127,345
2128,345
2129,345
2130,345
2131,345
2132,345
2133,345
2134,345
2135,345
2136,345
2137,345
2138,345
2139,345
2140,345
2141,345
2142,345
2143,345
2144,345
2145,345
2146,345
2147,345
2148,345
2149,345
2150,345
2151,345
2152,345
2153,345
2154,345
2155,345
2156,345
2157,345
2158,345
2159,345
2160,345
2161,345
2162,345
2163,345
2164,345
2165,345
2166,345
2167,345
2168,345
2169,345
2170,345
2171,345
2172,345
2173,345
2174,345
2175,345
2176,345
2177,345
2178,345
2179,345
2180,345
2181,345
2182,345
2183,345
2184,345
2185,345
2186,345
2187,345
2188,345
2189,345
2190,345
2191,345
2192,345
2193,345
2194,345
2195,345
2196,345
2197,345
2198,345
2199,345
2200,345
2201,345
2202,345
2203,345
2204,345
2205,345
2206,345
2207,345
2208,345
2209,345
2210,345
2211,345
2212,345
2213,345
2214,345
2215,345
2216,345
2217,345
2218,345
2219,345
2220,345
2221,345
2222,345
2223,345
2224,345
2225,345
2226,345
2227,345
2228,345
2229,345
2230,345
2231,345
2232,345
2233,345
2234,345
2235,345
2236,345
2237,345
2238,345
2239,345
2240,345
2241,345
2242,345
2243,345
2244,345
2245,345
2246,345
2247,345
2248,345
2249,345
2250,345
2251,345
2252,345
2253,345
2254,345
2255,345
2256,345
2257,345
2258,345
2259,345
2260,345
2261,345
2262,345
2263,345
2264,345
2265,345
2266,345
2267,345
2268,345
2269,345
2270,345
2271,345
2272,345
2273,345
2274,345
2275,345
2276,345
2277,345
2278,345
2279,345
2280,345
2281,345
2282,345
2283,345
2284,345
2285,345
2286,345
2287,345
2288,345
2289,345
2290,345
2291,345
2292,345
2293,345
2294,345
2295,345
2296,345
2297,345
2298,345
2299,345
2300,345
2301,345
2302,345
2303,345
2304,345
2305,345
2306,345
2307,345
2308,345
2309,345
2310,345
2311,345
2312,345
2313,345
2314,345
2315,345
2316,345
2317,345
2318,345
2319,345
2320,345
2321,345
2322,345
2323,345
2324,345
2325,345
2326,345
2327,345
2328,345
2329,345
2330,345
2331,345
2332,345
2333,345
2334,345
2335,345
2336,345
2337,345
2338,345
2339,345
2340,345
2341,345
2342,345
2343,345
2344,345
2345,345
2346,345
2347,345
2348,345
2349,345
2350,345
2351,345
2352,345
2353,345
2354,345
2355,345
2356,345
2357,345
2358,345
2359,345
2360,345
2361,345
2362,345
2363,345
2364,345
2365,345
2366,345
2367,345
2368,345
2369,345
2370,345
2371,345
2372,345
2373,345
2374,345
2375,345
2376,345
2377,345
2378,345
2379,345
2380,345
2381,345
2382,345
2383,345
2384,345
2385,345
2386,345
2387,345
2388,345
2389,345
2390,345
2391,345
2392,345
2393,345
2394,345
2395,345
2396,345
2397,345
2398,345
2399,345
2400,345
2401,345
2402,345
2403,345
2404,345
2405,345
2406,345
2407,345
2408,345
2409,345
2410,345
2411,345
2412,345
2413,345
2414,345
2415,345
2416,345
2417,345
2418,345
2419,345
2420,345
2421,345
2422,345
2423,345
2424,345
2425,345
2426,345
2427,345
2428,345
2429,345
2430,345
2431,345
2432,345
2433,345
2434,345
2435,345
2436,345
2437,345
2438,345
2439,345
2440,345
2441,345
2442,345
2443,345
2444,345
2445,345
2446,345
2447,345
2448,345
2449,345
2450,345
2451,345
2452,345
2453,345
2454,345
2455,345
2456,345
2457,345
2458,345
2459,345
2460,345
2461,345
2462,345
2463,345
2464,345
2465,345
2466,345
2467,345
2468,345
2469,345
2470,345
2471,345
2472,345
2473,345
2474,345
2475,345
2476,345
2477,345
2478,345
2479,345
2480,345
2481,345
2482,345
2483,345
2484,345
2485,345
2486,345
2487,345
2488,345
2489,345
2490,345
2491,345
2492,345
2493,345
2494,345
2495,345
2496,345
2497,345
2498,345
2499,345
2500,345
2501,345
2502,345
2503,345
2504,345
2505,345
2506,345
2507,345
2508,345
2509,345
2510,345
2511,345
2512,345
2513,345
2514,345
2515,345
2516,345
2517,345
2518,345
2519,345
2520,345
2521,345
2522,345
2523,345
2524,345
2525,345
2526,345
2527,345
2528,345
2529,345
2530,345
2531,345
2532,345
2533,345
2534,345
2535,345
2536,345
2537,345
2538,345
2539,345
2540,345
2541,345
2542,345
2543,345
2544,345
2545,345
2546,345
2547,345
2548,345
2549,345
2550,345
2551,345
2552,345
2553,345
2554,345
2555,345
2556,345
2557,345
2558,345
2559,345
2560,345
2561,345
2562,345
2563,345
2564,345
2565,345
2566,345
2567,345
2568,345
2569,345
2570,345
2571,345
2572,345
2573,345
2574,345
2575,345
2576,345
2577,345
2578,345
2579,345
2580,345
2581,345
2582,345
2583,345
2584,345
2585,345
2586,345
2587,345
2588,345
2589,345
2590,345
2591,345
2592,345
2593,345
2594,345
2595,345
2596,345
2597,345
2598,345
2599,345
2600,345
2601,345
2602,345
2603,345
2604,345
2605,345
2606,345
2607,345
2608,345
2609,345
2610,345
2611,345
2612,345
2613,345
2614,345
2615,345
2616,345
2617,345
2618,345
2619,345
2620,345
2621,345
2622,345
2623,345
2624,345
2625,345
2626,345
2627,345
2628,345
2629,345
2630,345
2631,345
2632,345
2633,345
2634,345
2635,345
2636,345
2637,345
2638,345
2639,345
2640,345
2641,345
2642,345
2643,345
2644,345
2645,345
2646,345
2647,345
2648,345
2649,345
2650,345
2651,345
2652,345
2653,345
2654,345
2655,345
2656,345
2657,345
2658,345
2659,345
2660,345
2661,345
2662,345
2663,345
2664,345
2665,345
2666,345
2667,345
2668,345
2669,345
2670,345
2671,345
2672,345
2673,345
2674,345
2675,345
2676,345
2677,345
2678,345
2679,345
2680,345
2681,345
2682,345
2683,345
2684,345
2685,345
2686,345
2687,345
2688,345
2689,345
2690,345
2691,345
2692,345
2693,345
2694,345
2695,345
2696,345
2697,345
2698,345
2699,345
2700,345
2701,345
2702,345
2703,345
2704,345
2705,345
2706,345
2707,345
2708,345
2709,345
2710,345
2711,345
2712,345
2713,345
2714,345
2715,345
2716,345
2717,345
2718,345
2719,345
2720,345
2721,345
2722,345
2723,345
2724,345
2725,345
2726,345
2727,345
2728,345
2729,345
2730,345
2731,345
2732,345
2733,345
2734,345
2735,345
2736,345
2737,345
2738,345
2739,345
2740,345
2741,345
2742,345
2743,345
2744,345
2745,345
2746,345
2747,345
2748,345
2749,345
2750,345
2751,345
2752,345
2753,345
2754,345
2755,345
2756,345
2757,345
2758,345
2759,345
2760,345
2761,345
2762,345
2763,345
2764,345
2765,345
2766,345
2767,345
2768,345
2769,345
2770,345
2771,345
2772,345
2773,345
2774,345
2775,345
2776,345
2777,345
2778,345
2779,345
2780,345
2781,345
2782,345
2783,345
2784,345
2785,345
2786,345
2787,345
2788,345
2789,345
2790,345
2791,345
2792,345
2793,345
2794,345
2795,345
2796,345
2797,345
2798,345
2799,345
2800,345
2801,345
2802,345
2803,345
2804,345
2805,345
2806,345
2807,345
2808,345
2809,345
2810,345
2811,345
2812,345
2813,345
2814,345
2815,345
2816,345
2817,345
2818,345
2819,345
2820,345
2821,345
2822,345
2823,345
2824,345
2825,345
2826,345
2827,345
2828,345
2829,345
2830,345
2831,345
2832,345
2833,345
2834,345
2835,345
2836,345
2837,345
2838,345
2839,345
2840,345
2841,345
2842,345
2843,345
2844,345
2845,345
2846,345
2847,345
2848,345
2849,345
2850,345
2851,345
2852,345
2853,345
2854,345
2855,345
2856,345
2857,345
2858,345
2859,345
2860,345
2861,345
2862,345
2863,345
2864,345
2865,345
2866,345
2867,345
2868,345
2869,345
2870,345
2871,345
2872,345
2873,345
2874,345
2875,345
2876,345
2877,345
2878,345
2879,345
2880,345
2881,345
2882,345
2883,345
2884,345
2885,345
2886,345
2887,345
2888,345
2889,345
2890,345
2891,345
2892,345
2893,345
2894,345
2895,345
2896,345
2897,345
2898,345
2899,345
2900,345
2901,345
2902,345
2903,345
2904,345
2905,345
2906,345
2907,345
2908,345
2909,345
2910,345
2911,345
2912,345
2913,345
2914,345
2915,345
2916,345
2917,345
2918,345
2919,345
2920,345
2921,345
2922,345
2923,345
2924,345
2925,345
2926,345
2927,345
2928,345
2929,345
2930,345
2931,345
2932,345
2933,345
2934,345
2935,345
2936,345
2937,345
2938,345
2939,345
2940,345
2941,345
2942,345
2943,345
2944,345
2945,345
2946,345
2947,345
2948,345
2949,345
2950,345
2951,345
2952,345
2953,345
2954,345
2955,345
2956,345
2957,345
2958,345
2959,345
2960,345
2961,345
2962,345
2963,345
2964,345
2965,345
2966,345
2967,345
2968,345
2969,345
2970,345
2971,345
2972,345
2973,345
2974,345
2975,345
2976,345
2977,345
2978,345
2979,345
2980,345
2981,345
2982,345
2983,345
2984,345
2985,345
2986,345
2987,345
2988,345
2989,345
2990,345
2991,345
2992,345
2993,345
2994,345
2995,345
2996,345
2997,345
2998,345
2999,345
3000,345
3001,345
3002,345
3003,345
3004,345
3005,345
3006,345
3007,345
3008,345
3009,345
3010,345
3011,345
3012,345
3013,345
3014,345
3015,345
3016,345
3017,345
3018,345
3019,345
3020,345
3021,345
3022,345
3023,345
3024,345
3025,345
3026,345
3027,345
3028,345
3029,345
3030,345
3031,345
3032,345
3033,345
3034,345
3035,345
3036,345
3037,345
3038,345
3039,345
3040,345
3041,345
3042,345
3043,345
3044,345
3045,345
3046,345
3047,345
3048,345
3049,345
3050,345
3051,345
3052,345
3053,345
3054,345
3055,345
3056,345
3057,345
3058,345
3059,345
3060,345
3061,345
3062,345
3063,345
3064,345
3065,345
3066,345
3067,345
3068,345
3069,345
3070,345
3071,345
3072,345
3073,345
3074,345
3075,345
3076,345
3077,345
3078,345
3079,345
3080,345
3081,345
3082,345
3083,345
3084,345
3085,345
3086,345
3087,345
3088,345
3089,345
3090,345
3091,345
3092,345
3093,345
3094,345
3095,345
3096,345
3097,345
3098,345
3099,345
3100,345
3101,345
3102,345
3103,345
3104,345
3105,345
3106,345
3107,345
3108,345
3109,345
3110,345
3111,345
3112,345
3113,345
3114,345
3115,345
3116,345
3117,345
3118,345
3119,345
3120,345
3121,345
3122,345
3123,345
3124,345
3125,345
3126,345
3127,345
3128,345
3129,345
3130,345
3131,345
3132,345
3133,345
3134,345
3135,345
3136,345
3137,345
3138,345
3139,345
3140,345
3141,345
3142,345
3143,345
3144,345
3145,345
3146,345
3147,345
3148,345
3149,345
3150,345
3151,345
3152,345
3153,345
3154,345
3155,345
3156,345
3157,345
3158,345
3159,345
3160,345
3161,345
3162,345
3163,345
3164,345
3165,345
3166,345
3167,345
3168,345
3169,345
3170,345
3171,345
3172,345
3173,345
3174,345
3175,345
3176,345
3177,345
3178,345
3179,345
3180,345
3181,345
3182,345
3183,345
3184,345
3185,345
3186,345
3187,345
3188,345
3189,345
3190,345
3191,345
3192,345
3193,345
3194,345
3195,345
3196,345
3197,345
3198,345
3199,345
3200,345
3201,345
3202,345
3203,345
3204,345
3205,345
3206,345
3207,345
3208,345
3209,345
3210,345
3211,345
3212,345
3213,345
3214,345
3215,345
3216,345
3217,345
3218,345
3219,345
3220,345
3221,345
3222,345
3223,345
3224,345
3225,345
3226,345
3227,345
3228,345
3229,345
3230,345
3231,345
3232,345
3233,345
3234,345
3235,345
3236,345
3237,345
3238,345
3239,345
3240,345
3241,345
3242,345
3243,345
3244,345
3245,345
3246,345
3247,345
3248,345
3249,345
3250,345
3251,345
3252,345
3253,345
3254,345
3255,345
3256,345
3257,345
3258,345
3259,345
3260,345
3261,345
3262,345
3263,345
3264,345
3265,345
3266,345
3267,345
3268,345
3269,345
3270,345
3271,345
3272,345
3273,345
3274,345
3275,345
3276,345
3277,345
3278,345
3279,345
3280,345
3281,345
3282,345
3283,345
3284,345
3285,345
3286,345
3287,345
3288,345
3289,345
3290,345
3291,345
3292,345
3293,345
3294,345
3295,345
3296,345
3297,345
3298,345
3299,345
3300,345
3301,345
3302,345
3303,345
3304,345
3305,345
3306,345
3307,345
3308,345
3309,345
3310,345
3311,345
3312,345
3313,345
3314,345
3315,345
3316,345
3317,345
3318,345
3319,345
3320,345
3321,345
3322,345
3323,345
3324,345
3325,345
3326,345
3327,345
3328,345
3329,345
3330,345
3331,345
3332,345
3333,345
3334,345
3335,345
3336,345
3337,345
3338,345
3339,345
3340,345
3341,345
3342,345
3343,345
3344,345
3345,345
3346,345
3347,345
3348,345
3349,345
3350,345
3351,345
3352,345
3353,345
3354,345
3355,345
3356,345
3357,345
3358,345
3359,345
3360,345
3361,345
3362,345
3363,345
3364,345
3365,345
3366,345
3367,345
3368,345
3369,345
3370,345
3371,345
3372,345
3373,345
3374,345
3375,345
3376,345
3377,345
3378,345
3379,345
3380,345
3381,345
3382,345
3383,345
3384,345
3385,345
3386,345
3387,345
3388,345
3389,345
3390,345
3391,345
3392,345
3393,345
3394,345
3395,345
3396,345
3397,345
3398,345
3399,345
3400,345
3401,345
3402,345
3403,345
3404,345
3405,345
3406,345
3407,345
3408,345
3409,345
3410,345
3411,345
3412,345
3413,345
3414,345
3415,345
3416,345
3417,345
3418,345
3419,345
3420,345
3421,345
3422,345
3423,345
3424,345
3425,345
3426,345
3427,345
3428,345
3429,345
3430,345
3431,345
3432,345
3433,345
3434,345
3435,345
3436,345
3437,345
3438,345
3439,345
3440,345
3441,345
3442,345
3443,345
3444,345
3445,345
3446,345
3447,345
3448,345
3449,345
3450,345
3451,345
3452,345
3453,345
3454,345
3455,345
3456,345
3457,345
3458,345
3459,345
3460,345
3461,345
3462,345
3463,345
3464,345
3465,345
3466,345
3467,345
3468,345
3469,345
3470,345
3471,345
3472,345
3473,345
3474,345
3475,345
3476,345
3477,345
3478,345
3479,345
3480,345
3481,345
3482,345
3483,345
3484,345
3485,345
3486,345
3487,345
3488,345
3489,345
3490,345
3491,345
3492,345
3493,345
3494,345
3495,345
3496,345
3497,345
3498,345
3499,345
3500,345
3501,345
3502,345
3503,345
3504,345
3505,345
3506,345
3507,345
3508,345
3509,345
3510,345
3511,345
3512,345
3513,345
3514,345
3515,345
3516,345
3517,345
3518,345
3519,345
3520,345
3521,345
3522,345
3523,345
3524,345
3525,345
3526,345
3527,345
3528,345
3529,345
3530,345
3531,345
3532,345
3533,345
3534,345
3535,345
3536,345
3537,345
3538,345
3539,345
3540,345
3541,345
3542,345
3543,345
3544,345
3545,345
3546,345
3547,345
3548,345
3549,345
3550,345
3551,345
3552,345
3553,345
3554,345
3555,345
3556,345
3557,345
3558,345
3559,345
3560,345
3561,345
3562,345
3563,345
3564,345
3565,345
3566,345
3567,345
3568,345
3569,345
3570,345
3571,345
3572,345
3573,345
3574,345
3575,345
3576,345
3577,345
3578,345
3579,345
3580,345
3581,345
3582,345
3583,345
3584,345
3585,345
3586,345
3587,345
3588,345
3589,345
3590,345
3591,345
3592,345
3593,345
3594,345
3595,345
3596,345
3597,345
3598,345
3599,345
3600,345
3601,345
3602,345
3603,345
3604,345
3605,345
3606,345
3607,345
3608,345
3609,345
3610,345
3611,345
3612,345
3613,345
3614,345
3615,345
3616,345
3617,345
3618,345
3619,345
3620,345
3621,345
3622,345
3623,345
3624,345
3625,345
3626,345
3627,345
3628,345
3629,345
3630,345
3631,345
3632,345
3633,345
3634,345
3635,345
3636,345
3637,345
3638,345
3639,345
3640,345
3641,345
3642,345
3643,345
3644,345
3645,345
3646,345
3647,345
3648,345
3649,345
3650,345
3651,345
3652,345
3653,345
3654,345
3655,345
3656,345
3657,345
3658,345
3659,345
3660,345
3661,345
3662,345
3663,345
3664,345
3665,345
3666,345
3667,345
3668,345
3669,345
3670,345
3671,345
3672,345
3673,345
3674,345
3675,345
3676,345
3677,345
3678,345
3679,345
3680,345
3681,345
3682,345
3683,345
3684,345
3685,345
3686,345
3687,345
3688,345
3689,345
3690,345
3691,345
3692,345
3693,345
3694,345
3695,345
3696,345
3697,345
3698,345
3699,345
3700,345
3701,345
3702,345
3703,345
3704,345
3705,345
3706,345
3707,345
3708,345
3709,345
3710,345
3711,345
3712,345
3713,345
3714,345
3715,345
3716,345
3717,345
3718,345
3719,345
3720,345
3721,345
3722,345
3723,345
3724,345
3725,345
3726,345
3727,345
3728,345
3729,345
3730,345
3731,345
3732,345
3733,345
3734,345
3735,345
3736,345
3737,345
3738,345
3739,345
3740,345
3741,345
3742,345
3743,345
3744,345
3745,345
3746,345
3747,345
3748,345
3749,345
3750,345
3751,345
3752,345
3753,345
3754,345
3755,345
3756,345
3757,345
3758,345
3759,345
3760,345
3761,345
3762,345
3763,345
3764,345
3765,345
3766,345
3767,345
3768,345
3769,345
3770,345
3771,345
3772,345
3773,345
3774,345
3775,345
3776,345
3777,345
3778,345
3779,345
3780,345
3781,345
3782,345
3783,345
3784,345
3785,345
3786,345
3787,345
3788,345
3789,345
3790,345
3791,345
3792,345
3793,345
3794,345
3795,345
3796,345
3797,345
3798,345
3799,345
3800,345
3801,345
3802,345
3803,345
3804,345
3805,345
3806,345
3807,345
3808,345
3809,345
3810,345
3811,345
3812,345
3813,345
3814,345
3815,345
3816,345
3817,345
3818,345
3819,345
3820,345
3821,345
3822,345
3823,345
3824,345
3825,345
3826,345
3827,345
3828,345
3829,345
3830,345
3831,345
3832,345
3833,345
3834,345
3835,345
3836,345
3837,345
3838,345
3839,345
3840,345
3841,345
3842,345
3843,345
3844,345
3845,345
3846,345
3847,345
3848,345
3849,345
3850,345
3851,345
3852,345
3853,345
3854,345
3855,345
3856,345
3857,345
3858,345
3859,345
3860,345
3861,345
3862,345
3863,345
3864,345
3865,345
3866,345
3867,345
3868,345
3869,345
3870,345
3871,345
3872,345
3873,345
3874,345
3875,345
3876,345
3877,345
3878,345
3879,345
3880,345
3881,345
3882,345
3883,345
3884,345
3885,345
3886,345
3887,345
3888,345
3889,345
3890,345
3891,345
3892,345
3893,345
3894,345
3895,345
3896,345
3897,345
3898,345
3899,345
3900,345
3901,345
3902,345
3903,345
3904,345
3905,345
3906,345
3907,345
3908,345
3909,345
3910,345
3911,345
3912,345
3913,345
3914,345
3915,345
3916,345
3917,345
3918,345
3919,345
3920,345
3921,345
3922,345
3923,345
3924,345
3925,345
3926,345
3927,345
3928,345
3929,345
3930,345
3931,345
3932,345
3933,345
3934,345
3935,345
3936,345
3937,345
3938,345
3939,345
3940,345
3941,345
3942,345
3943,345
3944,345
3945,345
3946,345
3947,345
3948,345
3949,345
3950,345
3951,345
3952,345
3953,345
3954,345
3955,345
3956,345
3957,345
3958,345
3959,345
3960,345
3961,345
3962,345
3963,345
3964,345
3965,345
3966,345
3967,345
3968,345
3969,345
3970,345
3971,345
3972,345
3973,345
3974,345
3975,345
3976,345
3977,345
3978,345
3979,345
3980,345
3981,345
3982,345
3983,345
3984,345
3985,345
3986,345
3987,345
3988,345
3989,345
3990,345
3991,345
3992,345
3993,345
3994,345
3995,345
3996,345
3997,345
3998,345
3999,345
4000,345
4001,345
4002,345
4003,345
4004,345
4005,345
4006,345
4007,345
4008,345
4009,345
4010,345
4011,345
4012,345
4013,345
4014,345
4015,345
4016,345
4017,345
4018,345
4019,345
4020,345
4021,345
4022,345
4023,345
4024,345
4025,345
4026,345
4027,345
4028,345
4029,345
4030,345
4031,345
4032,345
4033,345
4034,345
4035,345
4036,345
4037,345
4038,345
4039,345
4040,345
4041,345
4042,345
4043,345
4044,345
4045,345
4046,345
4047,345
4048,345
4049,345
4050,345
4051,345
4052,345
4053,345
4054,345
4055,345
4056,345
4057,345
4058,345
4059,345
4060,345
4061,345
4062,345
4063,345
4064,345
4065,345
4066,345
4067,345
4068,345
4069,345
4070,345
4071,345
4072,345
4073,345
4074,345
4075,345
4076,345
4077,345
4078,345
4079,345
4080,345
4081,345
4082,345
4083,345
4084,345
4085,345
4086,345
4087,345
4088,345
4089,345
4090,345
4091,345
4092,345
4093,345
4094,345
4095,345
4096,345
4097,345
4098,345
4099,345
4100,345
4101,345
4102,345
4103,345
4104,345
4105,345
4106,345
4107,345
4108,345
4109,345
4110,345
4111,345
4112,345
4113,345
4114,345
4115,345
4116,345
4117,345
4118,345
4119,345
4120,345
4121,345
4122,345
4123,345
4124,345
4125,345
4126,345
4127,345
4128,345
4129,345
4130,345
4131,345
4132,345
4133,345
4134,345
4135,345
4136,345
4137,345
4138,345
4139,345
4140,345
4141,345
4142,345
4143,345
4144,345
4145,345
4146,345
4147,345
4148,345
4149,345
4150,345
4151,345
4152,345
4153,345
4154,345
4155,345
4156,345
4157,345
4158,345
4159,345
4160,345
4161,345
4162,345
4163,345
4164,345
4165,345
4166,345
4167,345
4168,345
4169,345
4170,345
4171,345
4172,345
4173,345
4174,345
4175,345
4176,345
4177,345
4178,345
4179,345
4180,345
4181,345
4182,345
4183,345
4184,345
4185,345
4186,345
4187,345
4188,345
4189,345
4190,345
4191,345
4192,345
4193,345
4194,345
4195,345
4196,345
4197,345
4198,345
4199,345
4200,345
4201,345
4202,345
4203,345
4204,345
4205,345
4206,345
4207,345
4208,345
4209,345
4210,345
4211,345
4212,345
4213,345
4214,345
4215,345
4216,345
4217,345
4218,345
4219,345
4220,345
4221,345
4222,345
4223,345
4224,345
4225,345
4226,345
4227,345
4228,345
4229,345
4230,345
4231,345
4232,345
4233,345
4234,345
4235,345
4236,345
4237,345
4238,345
4239,345
4240,345
4241,345
4242,345
4243,345
4244,345
4245,345
4246,345
4247,345
4248,345
4249,345
4250,345
4251,345
4252,345
4253,345
4254,345
4255,345
4256,345
4257,345
4258,345
4259,345
4260,345
4261,345
4262,345
4263,345
4264,345
4265,345
4266,345
4267,345
4268,345
4269,345
4270,345
4271,345
4272,345
4273,345
4274,345
4275,345
4276,345
4277,345
4278,345
4279,345
4280,345
4281,345
4282,345
4283,345
4284,345
4285,345
4286,345
4287,345
4288,345
4289,345
4290,345
4291,345
4292,345
4293,345
4294,345
4295,345
4296,345
4297,345
4298,345
4299,345
4300,345
4301,345
4302,345
4303,345
4304,345
4305,345
4306,345
4307,345
4308,345
4309,345
4310,345
4311,345
4312,345
4313,345
4314,345
4315,345
4316,345
4317,345
4318,345
4319,345
4320,345
4321,345
4322,345
4323,345
4324,345
4325,345
4326,345
4327,345
4328,345
4329,345
4330,345
4331,345
4332,345
4333,345
4334,345
4335,345
4336,345
4337,345
4338,345
4339,345
4340,345
4341,345
4342,345
4343,345
4344,345
4345,345
4346,345
4347,345
4348,345
4349,345
4350,345
4351,345
4352,345
4353,345
4354,345
4355,345
4356,345
4357,345
4358,345
4359,345
4360,345
4361,345
4362,345
4363,345
4364,345
4365,345
4366,345
4367,345
4368,345
4369,345
4370,345
4371,345
4372,345
4373,345
4374,345
4375,345
4376,345
4377,345
4378,345
4379,345
4380,345
4381,345
4382,345
4383,345
4384,345
4385,345
4386,345
4387,345
4388,345
4389,345
4390,345
4391,345
4392,345
4393,345
4394,345
4395,345
4396,345
4397,345
4398,345
4399,345
4400,345
4401,345
4402,345
4403,345
4404,345
4405,345
4406,345
4407,345
4408,345
4409,345
4410,345
4411,345
4412,345
4413,345
4414,345
4415,345
4416,345
4417,345
4418,345
4419,345
4420,345
4421,345
4422,345
4423,345
4424,345
4425,345
4426,345
4427,345
4428,345
4429,345
4430,345
4431,345
4432,345
4433,345
4434,345
4435,345
4436,345
4437,345
4438,345
4439,345
4440,345
4441,345
4442,345
4443,345
4444,345
4445,345
4446,345
4447,345
4448,345
4449,345
4450,345
4451,345
4452,345
4453,345
4454,345
4455,345
4456,345
4457,345
4458,345
4459,345
4460,345
4461,345
4462,345
4463,345
4464,345
4465,345
4466,345
4467,345
4468,345
4469,345
4470,345
4471,345
4472,345
4473,345
4474,345
4475,345
4476,345
4477,345
4478,345
4479,345
4480,345
4481,345
4482,345
4483,345
4484,345
4485,345
4486,345
4487,345
4488,345
4489,345
4490,345
4491,345
4492,345
4493,345
4494,345
4495,345
4496,345
4497,345
4498,345
4499,345
4500,345
4501,345
4502,345
4503,345
4504,345
4505,345
4506,345
4507,345
4508,345
4509,345
4510,345
4511,345
4512,345
4513,345
4514,345
4515,345
4516,345
4517,345
4518,345
4519,345
4520,345
4521,345
4522,345
4523,345
4524,345
4525,345
4526,345
4527,345
4528,345
4529,345
4530,345
4531,345
4532,345
4533,345
4534,345
4535,345
4536,345
4537,345
4538,345
4539,345
4540,345
4541,345
4542,345
4543,345
4544,345
4545,345
4546,345
4547,345
4548,345
4549,345
4550,345
4551,345
4552,345
4553,345
4554,345
4555,345
4556,345
4557,345
4558,345
4559,345
4560,345
4561,345
4562,345
4563,345
4564,345
4565,345
4566,345
4567,345
4568,345
4569,345
4570,345
4571,345
4572,345
4573,345
4574,345
4575,345
4576,345
4577,345
4578,345
4579,345
4580,345
4581,345
4582,345
4583,345
4584,345
4585,345
4586,345
4587,345
4588,345
4589,345
4590,345
4591,345
4592,345
4593,345
4594,345
4595,345
4596,345
4597,345
4598,345
4599,345
4600,345
4601,345
4602,345
4603,345
4604,345
4605,345
4606,345
4607,345
4608,345
4609,345
4610,345
4611,345
4612,345
4613,345
4614,345
4615,345
4616,345
4617,345
4618,345
4619,345
4620,345
4621,345
4622,345
4623,345
4624,345
4625,345
4626,345
4627,345
4628,345
4629,345
4630,345
4631,345
4632,345
4633,345
4634,345
4635,345
4636,345
4637,345
4638,345
4639,345
4640,345
4641,345
4642,345
4643,345
4644,345
4645,345
4646,345
4647,345
4648,345
4649,345
4650,345
4651,345
4652,345
4653,345
4654,345
4655,345
4656,345
4657,345
4658,345
4659,345
4660,345
4661,345
4662,345
4663,345
4664,345
4665,345
4666,345
4667,345
4668,345
4669,345
4670,345
4671,345
4672,345
4673,345
4674,345
4675,345
4676,345
4677,345
4678,345
4679,345
4680,345
4681,345
4682,345
4683,345
4684,345
4685,345
4686,345
4687,345
4688,345
4689,345
4690,345
4691,345
4692,345
4693,345
4694,345
4695,345
4696,345
4697,345
4698,345
4699,345
4700,345
4701,345
4702,345
4703,345
4704,345
4705,345
4706,345
4707,345
4708,345
4709,345
4710,345
4711,345
4712,345
4713,345
4714,345
4715,345
4716,345
4717,345
4718,345
4719,345
4720,345
4721,345
4722,345
4723,345
4724,345
4725,345
4726,345
4727,345
4728,345
4729,345
4730,345
4731,345
4732,345
4733,345
4734,345
4735,345
4736,345
4737,345
4738,345
4739,345
4740,345
4741,345
4742,345
4743,345
4744,345
4745,345
4746,345
4747,345
4748,345
4749,345
4750,345
4751,345
4752,345
4753,345
4754,345
4755,345
4756,345
4757,345
4758,345
4759,345
4760,345
4761,345
4762,345
4763,345
4764,345
4765,345
4766,345
4767,345
4768,345
4769,345
4770,345
4771,345
4772,345
4773,345
4774,345
4775,345
4776,345
4777,345
4778,345
4779,345
4780,345
4781,345
4782,345
4783,345
4784,345
4785,345
4786,345
4787,345
4788,345
4789,345
4790,345
4791,345
4792,345
4793,345
4794,345
4795,345
4796,345
4797,345
4798,345
4799,345
4800,345
4801,345
4802,345
4803,345
4804,345
4805,345
4806,345
4807,345
4808,345
4809,345
4810,345
4811,345
4812,345
4813,345
4814,345
4815,345
4816,345
4817,345
4818,345
4819,345
4820,345
4821,345
4822,345
4823,345
4824,345
4825,345
4826,345
4827,345
4828,345
4829,345
4830,345
4831,345
4832,345
4833,345
4834,345
4835,345
4836,345
4837,345
4838,345
4839,345
4840,345
4841,345
4842,345
4843,345
4844,345
4845,345
4846,345
4847,345
4848,345
4849,345
4850,345
4851,345
4852,345
4853,345
4854,345
4855,345
4856,345
4857,345
4858,345
4859,345
4860,345
4861,345
4862,345
4863,345
4864,345
4865,345
4866,345
4867,345
4868,345
4869,345
4870,345
4871,345
4872,345
4873,345
4874,345
4875,345
4876,345
4877,345
4878,345
4879,345
4880,345
4881,345
4882,345
4883,345
4884,345
4885,345
4886,345
4887,345
4888,345
4889,345
4890,345
4891,345
4892,345
4893,345
4894,345
4895,345
4896,345
4897,345
4898,345
4899,345
4900,345
4901,345
4902,345
4903,345
4904,345
4905,345
4906,345
4907,345
4908,345
4909,345
4910,345
4911,345
4912,345
4913,345
4914,345
4915,345
4916,345
4917,345
4918,345
4919,345
4920,345
4921,345
4922,345
4923,345
4924,345
4925,345
4926,345
4927,345
4928,345
4929,345
4930,345
4931,345
4932,345
4933,345
4934,345
4935,345
4936,345
4937,345
4938,345
4939,345
4940,345
4941,345
4942,345
4943,345
4944,345
4945,345
4946,345
4947,345
4948,345
4949,345
4950,345
4951,345
4952,345
4953,345
4954,345
4955,345
4956,345
4957,345
4958,345
4959,345
4960,345
4961,345
4962,345
4963,345
4964,345
4965,345
4966,345
4967,345
4968,345
4969,345
4970,345
4971,345
4972,345
4973,345
4974,345
4975,345
4976,345
4977,345
4978,345
4979,345
4980,345
4981,345
4982,345
4983,345
4984,345
4985,345
4986,345
4987,345
4988,345
4989,345
4990,345
4991,345
4992,345
4993,345
4994,345
4995,345
4996,345
4997,345
4998,345
4999,345
5000,345
5001,345
5002,345
5003,345
5004,345
5005,345
5006,345
5007,345
5008,345
5009,345
5010,345
5011,345
5012,345
5013,345
5014,345
5015,345
5016,345
5017,345
5018,345
5019,345
5020,345
5021,345
5022,345
5023,345
5024,345
5025,345
5026,345
5027,345
5028,345
5029,345
5030,345
5031,345
5032,345
5033,345
5034,345
5035,345
5036,345
5037,345
5038,345
5039,345
5040,345
5041,345
5042,345
5043,345
5044,345
5045,345
5046,345
5047,345
5048,345
5049,345
5050,345
5051,345
5052,345
5053,345
5054,345
5055,345
5056,345
5057,345
5058,345
5059,345
5060,345
5061,345
5062,345
5063,345
5064,345
5065,345
5066,345
5067,345
5068,345
5069,345
5070,345
5071,345
5072,345
5073,345
5074,345
5075,345
5076,345
5077,345
5078,345
5079,345
5080,345
5081,345
5082,345
5083,345
5084,345
5085,345
5086,345
5087,345
5088,345
5089,345
5090,345
5091,345
5092,345
5093,345
5094,345
5095,345
5096,345
5097,345
5098,345
5099,345
5100,345
5101,345
5102,345
5103,345
5104,345
5105,345
5106,345
5107,345
5108,345
5109,345
5110,345
5111,345
5112,345
5113,345
5114,345
5115,345
5116,345
5117,345
5118,345
5119,345
5120,345
5121,345
5122,345
5123,345
5124,345
5125,345
5126,345
5127,345
5128,345
5129,345
5130,345
5131,345
5132,345
5133,345
5134,345
5135,345
5136,345
5137,345
5138,345
5139,345
5140,345
5141,345
5142,345
5143,345
5144,345
5145,345
5146,345
5147,345
5148,345
5149,345
5150,345
5151,345
5152,345
5153,345
5154,345
5155,345
5156,345
5157,345
5158,345
5159,345
5160,345
5161,345
5162,345
5163,345
5164,345
5165,345
5166,345
5167,345
5168,345
5169,345
5170,345
5171,345
5172,345
5173,345
5174,345
5175,345
5176,345
5177,345
5178,345
5179,345
5180,345
5181,345
5182,345
5183,345
5184,345
5185,345
5186,345
5187,345
5188,345
5189,345
5190,345
5191,345
5192,345
5193,345
5194,345
5195,345
5196,345
5197,345
5198,345
5199,345
5200,345
5201,345
5202,345
5203,345
5204,345
5205,345
5206,345
5207,345
5208,345
5209,345
5210,345
5211,345
5212,345
5213,345
5214,345
5215,345
5216,345
5217,345
5218,345
5219,345
5220,345
5221,345
5222,345
5223,345
5224,345
5225,345
5226,345
5227,345
5228,345
5229,345
5230,345
5231,345
5232,345
5233,345
5234,345
5235,345
5236,345
5237,345
5238,345
5239,345
5240,345
5241,345
5242,345
5243,345
5244,345
5245,345
5246,345
5247,345
5248,345
5249,345
5250,345
5251,345
5252,345
5253,345
5254,345
5255,345
5256,345
5257,345
5258,345
5259,345
5260,345
5261,345
5262,345
5263,345
5264,345
5265,345
5266,345
5267,345
5268,345
5269,345
5270,345
5271,345
5272,345
5273,345
5274,345
5275,345
5276,345
5277,345
5278,345
5279,345
5280,345
5281,345
5282,345
5283,345
5284,345
5285,345
5286,345
5287,345
5288,345
5289,345
5290,345
5291,345
5292,345
5293,345
5294,345
5295,345
5296,345
5297,345
5298,345
5299,345
5300,345
5301,345
5302,345
5303,345
5304,345
5305,345
5306,345
5307,345
5308,345
5309,345
5310,345
5311,345
5312,345
5313,345
5314,345
5315,345
5316,345
5317,345
5318,345
5319,345
5320,345
5321,345
5322,345
5323,345
5324,345
5325,345
5326,345
5327,345
5328,345
5329,345
5330,345
5331,345
5332,345
5333,345
5334,345
5335,345
5336,345
5337,345
5338,345
5339,345
5340,345
5341,345
5342,345
5343,345
5344,345
5345,345
5346,345
5347,345
5348,345
5349,345
5350,345
5351,345
5352,345
5353,345
5354,345
5355,345
5356,345
5357,345
5358,345
5359,345
5360,345
5361,345
5362,345
5363,345
5364,345
5365,345
5366,345
5367,345
5368,345
5369,345
5370,345
5371,345
5372,345
5373,345
5374,345
5375,345
5376,345
5377,345
5378,345
5379,345
5380,345
5381,345
5382,345
5383,345
5384,345
5385,345
5386,345
5387,345
5388,345
5389,345
5390,345
5391,345
5392,345
5393,345
5394,345
5395,345
5396,345
5397,345
5398,345
5399,345
5400,345
5401,345
5402,345
5403,345
5404,345
5405,345
5406,345
5407,345
5408,345
5409,345
5410,345
5411,345
5412,345
5413,345
5414,345
5415,345
5416,345
5417,345
5418,345
5419,345
5420,345
5421,345
5422,345
5423,345
5424,345
5425,345
5426,345
5427,345
5428,345
5429,345
5430,345
5431,345
5432,345
5433,345
5434,345
5435,345
5436,345
5437,345
5438,345
5439,345
5440,345
5441,345
5442,345
5443,345
5444,345
5445,345
5446,345
5447,345
5448,345
5449,345
5450,345
5451,345
5452,345
5453,345
5454,345
5455,345
5456,345
5457,345
5458,345
5459,345
5460,345
5461,345
5462,345
5463,345
5464,345
5465,345
5466,345
5467,345
5468,345
5469,345
5470,345
5471,345
5472,345
5473,345
5474,345
5475,345
5476,345
5477,345
5478,345
5479,345
5480,345
5481,345
5482,345
5483,345
5484,345
5485,345
5486,345
5487,345
5488,345
5489,345
5490,345
5491,345
5492,345
5493,345
5494,345
5495,345
5496,345
5497,345
5498,345
5499,345
5500,345
5501,345
5502,345
5503,345
5504,345
5505,345
5506,345
5507,345
5508,345
5509,345
5510,345
5511,345
5512,345
5513,345
5514,345
5515,345
5516,345
5517,345
5518,345
5519,345
5520,345
5521,345
5522,345
5523,345
5524,345
5525,345
5526,345
5527,345
5528,345
5529,345
5530,345
5531,345
5532,345
5533,345
5534,345
5535,345
5536,345
5537,345
5538,345
5539,345
5540,345
5541,345
5542,345
5543,345
5544,345
5545,345
5546,345
5547,345
5548,345
5549,345
5550,345
5551,345
5552,345
5553,345
5554,345
5555,345
5556,345
5557,345
5558,345
5559,345
5560,345
5561,345
5562,345
5563,345
5564,345
5565,345
5566,345
5567,345
5568,345
5569,345
5570,345
5571,345
5572,345
5573,345
5574,345
5575,345
5576,345
5577,345
5578,345
5579,345
5580,345
5581,345
5582,345
5583,345
5584,345
5585,345
5586,345
5587,345
5588,345
5589,345
5590,345
5591,345
5592,345
5593,345
5594,345
5595,345
5596,345
5597,345
5598,345
5599,345
5600,345
5601,345
5602,345
5603,345
5604,345
5605,345
5606,345
5607,345
5608,345
5609,345
5610,345
5611,345
5612,345
5613,345
5614,345
5615,345
5616,345
5617,345
5618,345
5619,345
5620,345
5621,345
5622,345
5623,345
5624,345
5625,345
5626,345
5627,345
5628,345
5629,345
5630,345
5631,345
5632,345
5633,345
5634,345
5635,345
5636,345
5637,345
5638,345
5639,345
5640,345
5641,345
5642,345
5643,345
5644,345
5645,345
5646,345
5647,345
5648,345
5649,345
5650,345
5651,345
5652,345
5653,345
5654,345
5655,345
5656,345
5657,345
5658,345
5659,345
5660,345
5661,345
5662,345
5663,345
5664,345
5665,345
5666,345
5667,345
5668,345
5669,345
5670,345
5671,345
5672,345
5673,345
5674,345
5675,345
5676,345
5677,345
5678,345
5679,345
5680,345
5681,345
5682,345
5683,345
5684,345
5685,345
5686,345
5687,345
5688,345
5689,345
5690,345
5691,345
5692,345
5693,345
5694,345
5695,345
5696,345
5697,345
5698,345
5699,345
5700,345
5701,345
5702,345
5703,345
5704,345
5705,345
5706,345
5707,345
5708,345
5709,345
5710,345
5711,345
5712,345
5713,345
5714,345
5715,345
5716,345
5717,345
5718,345
5719,345
5720,345
5721,345
5722,345
5723,345
5724,345
5725,345
5726,345
5727,345
5728,345
5729,345
5730,345
5731,345
5732,345
5733,345
5734,345
5735,345
5736,345
5737,345
5738,345
5739,345
5740,345
5741,345
5742,345
5743,345
5744,345
5745,345
5746,345
5747,345
5748,345
5749,345
5750,345
5751,345
5752,345
5753,345
5754,345
5755,345
5756,345
5757,345
5758,345
5759,345
5760,345
5761,345
5762,345
5763,345
5764,345
5765,345
5766,345
5767,345
5768,345
5769,345
5770,345
5771,345
5772,345
5773,345
5774,345
5775,345
5776,345
5777,345
5778,345
5779,345
5780,345
5781,345
5782,345
5783,345
5784,345
5785,345
5786,345
5787,345
5788,345
5789,345
5790,345
5791,345
5792,345
5793,345
5794,345
5795,345
5796,345
5797,345
5798,345
5799,345
5800,345
5801,345
5802,345
5803,345
5804,345
5805,345
5806,345
5807,345
5808,345
5809,345
5810,345
5811,345
5812,345
5813,345
5814,345
5815,345
5816,345
5817,345
5818,345
5819,345
5820,345
5821,345
5822,345
5823,345
5824,345
5825,345
5826,345
5827,345
5828,345
5829,345
5830,345
5831,345
5832,345
5833,345
5834,345
5835,345
5836,345
5837,345
5838,345
5839,345
5840,345
5841,345
5842,345
5843,345
5844,345
5845,345
5846,345
5847,345
5848,345
5849,345
5850,345
5851,345
5852,345
5853,345
5854,345
5855,345
5856,345
5857,345
5858,345
5859,345
5860,345
5861,345
5862,345
5863,345
5864,345
5865,345
5866,345
5867,345
5868,345
5869,345
5870,345
5871,345
5872,345
5873,345
5874,345
5875,345
5876,345
5877,345
5878,345
5879,345
5880,345
5881,345
5882,345
5883,345
5884,345
5885,345
5886,345
5887,345
5888,345
5889,345
5890,345
5891,345
5892,345
5893,345
5894,345
5895,345
5896,345
5897,345
5898,345
5899,345
5900,345
5901,345
5902,345
5903,345
5904,345
5905,345
5906,345
5907,345
5908,345
5909,345
